INSERT INTO country VALUES (1, 'Afghanistan');
INSERT INTO country VALUES (2, 'Albania');
INSERT INTO country VALUES (3, 'Algeria');
INSERT INTO country VALUES (4, 'American Samoa');
INSERT INTO country VALUES (5, 'Andorra');
INSERT INTO country VALUES (6, 'Angola');
INSERT INTO country VALUES (7, 'Anguilla');
INSERT INTO country VALUES (8, 'Antarctica');
INSERT INTO country VALUES (9, 'Antigua and Barbuda');
INSERT INTO country VALUES (10, 'Argentina');
INSERT INTO country VALUES (11, 'Armenia');
INSERT INTO country VALUES (12, 'Aruba');
INSERT INTO country VALUES (13, 'Australia');
INSERT INTO country VALUES (14, 'Austria');
INSERT INTO country VALUES (15, 'Azerbaijan');
INSERT INTO country VALUES (16, 'Bahamas');
INSERT INTO country VALUES (17, 'Bahrain');
INSERT INTO country VALUES (18, 'Bangladesh');
INSERT INTO country VALUES (19, 'Barbados');
INSERT INTO country VALUES (20, 'Belarus');
INSERT INTO country VALUES (21, 'Belgium');
INSERT INTO country VALUES (22, 'Belize');
INSERT INTO country VALUES (23, 'Benin');
INSERT INTO country VALUES (24, 'Bermuda');
INSERT INTO country VALUES (25, 'Bhutan');
INSERT INTO country VALUES (26, 'Bolivia');
INSERT INTO country VALUES (27, 'Bosnia and Herzegovina');
INSERT INTO country VALUES (28, 'Botswana');
INSERT INTO country VALUES (29, 'Bouvet Island');
INSERT INTO country VALUES (30, 'Brazil');
INSERT INTO country VALUES (31, 'British Indian Ocean Territory');
INSERT INTO country VALUES (32, 'Brunei Darussalam');
INSERT INTO country VALUES (33, 'Bulgaria');
INSERT INTO country VALUES (34, 'Burkina Faso');
INSERT INTO country VALUES (35, 'Burundi');
INSERT INTO country VALUES (36, 'Cambodia');
INSERT INTO country VALUES (37, 'Cameroon');
INSERT INTO country VALUES (38, 'Canada');
INSERT INTO country VALUES (39, 'Cape Verde');
INSERT INTO country VALUES (40, 'Cayman Islands');
INSERT INTO country VALUES (41, 'Central African Republic');
INSERT INTO country VALUES (42, 'Chad');
INSERT INTO country VALUES (43, 'Chile');
INSERT INTO country VALUES (44, 'China');
INSERT INTO country VALUES (45, 'Christmas Island');
INSERT INTO country VALUES (46, 'Cocos (Keeling) Islands');
INSERT INTO country VALUES (47, 'Colombia');
INSERT INTO country VALUES (48, 'Comoros');
INSERT INTO country VALUES (49, 'Congo');
INSERT INTO country VALUES (50, 'Cook Islands');
INSERT INTO country VALUES (51, 'Costa Rica');
INSERT INTO country VALUES (52, 'Croatia (Hrvatska)');
INSERT INTO country VALUES (53, 'Cuba');
INSERT INTO country VALUES (54, 'Cyprus');
INSERT INTO country VALUES (55, 'Czech Republic');
INSERT INTO country VALUES (56, 'Denmark');
INSERT INTO country VALUES (57, 'Djibouti');
INSERT INTO country VALUES (58, 'Dominica');
INSERT INTO country VALUES (59, 'Dominican Republic');
INSERT INTO country VALUES (60, 'East Timor');
INSERT INTO country VALUES (61, 'Ecuador');
INSERT INTO country VALUES (62, 'Egypt');
INSERT INTO country VALUES (63, 'El Salvador');
INSERT INTO country VALUES (64, 'Equatorial Guinea');
INSERT INTO country VALUES (65, 'Eritrea');
INSERT INTO country VALUES (66, 'Estonia');
INSERT INTO country VALUES (67, 'Ethiopia');
INSERT INTO country VALUES (68, 'Falkland Islands (Malvinas)');
INSERT INTO country VALUES (69, 'Faroe Islands');
INSERT INTO country VALUES (70, 'Fiji');
INSERT INTO country VALUES (71, 'Finland');
INSERT INTO country VALUES (72, 'France');
INSERT INTO country VALUES (73, 'France, Metropolitan');
INSERT INTO country VALUES (74, 'French Guiana');
INSERT INTO country VALUES (75, 'French Polynesia');
INSERT INTO country VALUES (76, 'French Southern Territories');
INSERT INTO country VALUES (77, 'Gabon');
INSERT INTO country VALUES (78, 'Gambia');
INSERT INTO country VALUES (79, 'Georgia');
INSERT INTO country VALUES (80, 'Germany');
INSERT INTO country VALUES (81, 'Ghana');
INSERT INTO country VALUES (82, 'Gibraltar');
INSERT INTO country VALUES (83, 'Guernsey');
INSERT INTO country VALUES (84, 'Greece');
INSERT INTO country VALUES (85, 'Greenland');
INSERT INTO country VALUES (86, 'Grenada');
INSERT INTO country VALUES (87, 'Guadeloupe');
INSERT INTO country VALUES (88, 'Guam');
INSERT INTO country VALUES (89, 'Guatemala');
INSERT INTO country VALUES (90, 'Guinea');
INSERT INTO country VALUES (91, 'Guinea-Bissau');
INSERT INTO country VALUES (92, 'Guyana');
INSERT INTO country VALUES (93, 'Haiti');
INSERT INTO country VALUES (94, 'Heard and Mc Donald Islands');
INSERT INTO country VALUES (95, 'Honduras');
INSERT INTO country VALUES (96, 'Hong Kong');
INSERT INTO country VALUES (97, 'Hungary');
INSERT INTO country VALUES (98, 'Iceland');
INSERT INTO country VALUES (99, 'India');
INSERT INTO country VALUES (100, 'Isle of Man');
INSERT INTO country VALUES (101, 'Indonesia');
INSERT INTO country VALUES (102, 'Iran (Islamic Republic of)');
INSERT INTO country VALUES (103, 'Iraq');
INSERT INTO country VALUES (104, 'Ireland');
INSERT INTO country VALUES (105, 'Israel');
INSERT INTO country VALUES (106, 'Italy');
INSERT INTO country VALUES (107, 'Ivory Coast');
INSERT INTO country VALUES (108, 'Jersey');
INSERT INTO country VALUES (109, 'Jamaica');
INSERT INTO country VALUES (110, 'Japan');
INSERT INTO country VALUES (111, 'Jordan');
INSERT INTO country VALUES (112, 'Kazakhstan');
INSERT INTO country VALUES (113, 'Kenya');
INSERT INTO country VALUES (114, 'Kiribati');
INSERT INTO country VALUES (115, 'Korea, Democratic People''s Republic of');
INSERT INTO country VALUES (116, 'Korea, Republic of');
INSERT INTO country VALUES (117, 'Kosovo');
INSERT INTO country VALUES (118, 'Kuwait');
INSERT INTO country VALUES (119, 'Kyrgyzstan');
INSERT INTO country VALUES (120, 'Lao People''s Democratic Republic');
INSERT INTO country VALUES (121, 'Latvia');
INSERT INTO country VALUES (122, 'Lebanon');
INSERT INTO country VALUES (123, 'Lesotho');
INSERT INTO country VALUES (124, 'Liberia');
INSERT INTO country VALUES (125, 'Libyan Arab Jamahiriya');
INSERT INTO country VALUES (126, 'Liechtenstein');
INSERT INTO country VALUES (127, 'Lithuania');
INSERT INTO country VALUES (128, 'Luxembourg');
INSERT INTO country VALUES (129, 'Macau');
INSERT INTO country VALUES (130, 'Macedonia');
INSERT INTO country VALUES (131, 'Madagascar');
INSERT INTO country VALUES (132, 'Malawi');
INSERT INTO country VALUES (133, 'Malaysia');
INSERT INTO country VALUES (134, 'Maldives');
INSERT INTO country VALUES (135, 'Mali');
INSERT INTO country VALUES (136, 'Malta');
INSERT INTO country VALUES (137, 'Marshall Islands');
INSERT INTO country VALUES (138, 'Martinique');
INSERT INTO country VALUES (139, 'Mauritania');
INSERT INTO country VALUES (140, 'Mauritius');
INSERT INTO country VALUES (141, 'Mayotte');
INSERT INTO country VALUES (142, 'Mexico');
INSERT INTO country VALUES (143, 'Micronesia, Federated States of');
INSERT INTO country VALUES (144, 'Moldova, Republic of');
INSERT INTO country VALUES (145, 'Monaco');
INSERT INTO country VALUES (146, 'Mongolia');
INSERT INTO country VALUES (147, 'Montenegro');
INSERT INTO country VALUES (148, 'Montserrat');
INSERT INTO country VALUES (149, 'Morocco');
INSERT INTO country VALUES (150, 'Mozambique');
INSERT INTO country VALUES (151, 'Myanmar');
INSERT INTO country VALUES (152, 'Namibia');
INSERT INTO country VALUES (153, 'Nauru');
INSERT INTO country VALUES (154, 'Nepal');
INSERT INTO country VALUES (155, 'Netherlands');
INSERT INTO country VALUES (156, 'Netherlands Antilles');
INSERT INTO country VALUES (157, 'New Caledonia');
INSERT INTO country VALUES (158, 'New Zealand');
INSERT INTO country VALUES (159, 'Nicaragua');
INSERT INTO country VALUES (160, 'Niger');
INSERT INTO country VALUES (161, 'Nigeria');
INSERT INTO country VALUES (162, 'Niue');
INSERT INTO country VALUES (163, 'Norfolk Island');
INSERT INTO country VALUES (164, 'Northern Mariana Islands');
INSERT INTO country VALUES (165, 'Norway');
INSERT INTO country VALUES (166, 'Oman');
INSERT INTO country VALUES (167, 'Pakistan');
INSERT INTO country VALUES (168, 'Palau');
INSERT INTO country VALUES (169, 'Palestine');
INSERT INTO country VALUES (170, 'Panama');
INSERT INTO country VALUES (171, 'Papua New Guinea');
INSERT INTO country VALUES (172, 'Paraguay');
INSERT INTO country VALUES (173, 'Peru');
INSERT INTO country VALUES (174, 'Philippines');
INSERT INTO country VALUES (175, 'Pitcairn');
INSERT INTO country VALUES (176, 'Poland');
INSERT INTO country VALUES (177, 'Portugal');
INSERT INTO country VALUES (178, 'Puerto Rico');
INSERT INTO country VALUES (179, 'Qatar');
INSERT INTO country VALUES (180, 'Reunion');
INSERT INTO country VALUES (181, 'Romania');
INSERT INTO country VALUES (182, 'Russian Federation');
INSERT INTO country VALUES (183, 'Rwanda');
INSERT INTO country VALUES (184, 'Saint Kitts and Nevis');
INSERT INTO country VALUES (185, 'Saint Lucia');
INSERT INTO country VALUES (186, 'Saint Vincent and the Grenadines');
INSERT INTO country VALUES (187, 'Samoa');
INSERT INTO country VALUES (188, 'San Marino');
INSERT INTO country VALUES (189, 'Sao Tome and Principe');
INSERT INTO country VALUES (190, 'Saudi Arabia');
INSERT INTO country VALUES (191, 'Senegal');
INSERT INTO country VALUES (192, 'Serbia');
INSERT INTO country VALUES (193, 'Seychelles');
INSERT INTO country VALUES (194, 'Sierra Leone');
INSERT INTO country VALUES (195, 'Singapore');
INSERT INTO country VALUES (196, 'Slovakia');
INSERT INTO country VALUES (197, 'Slovenia');
INSERT INTO country VALUES (198, 'Solomon Islands');
INSERT INTO country VALUES (199, 'Somalia');
INSERT INTO country VALUES (200, 'South Africa');
INSERT INTO country VALUES (201, 'South Georgia South Sandwich Islands');
INSERT INTO country VALUES (202, 'Spain');
INSERT INTO country VALUES (203, 'Sri Lanka');
INSERT INTO country VALUES (204, 'St. Helena');
INSERT INTO country VALUES (205, 'St. Pierre and Miquelon');
INSERT INTO country VALUES (206, 'Sudan');
INSERT INTO country VALUES (207, 'Suriname');
INSERT INTO country VALUES (208, 'Svalbard and Jan Mayen Islands');
INSERT INTO country VALUES (209, 'Swaziland');
INSERT INTO country VALUES (210, 'Sweden');
INSERT INTO country VALUES (211, 'Switzerland');
INSERT INTO country VALUES (212, 'Syrian Arab Republic');
INSERT INTO country VALUES (213, 'Taiwan');
INSERT INTO country VALUES (214, 'Tajikistan');
INSERT INTO country VALUES (215, 'Tanzania, United Republic of');
INSERT INTO country VALUES (216, 'Thailand');
INSERT INTO country VALUES (217, 'Togo');
INSERT INTO country VALUES (218, 'Tokelau');
INSERT INTO country VALUES (219, 'Tonga');
INSERT INTO country VALUES (220, 'Trinidad and Tobago');
INSERT INTO country VALUES (221, 'Tunisia');
INSERT INTO country VALUES (222, 'Turkey');
INSERT INTO country VALUES (223, 'Turkmenistan');
INSERT INTO country VALUES (224, 'Turks and Caicos Islands');
INSERT INTO country VALUES (225, 'Tuvalu');
INSERT INTO country VALUES (226, 'Uganda');
INSERT INTO country VALUES (227, 'Ukraine');
INSERT INTO country VALUES (228, 'United Arab Emirates');
INSERT INTO country VALUES (229, 'United Kingdom');
INSERT INTO country VALUES (230, 'United States');
INSERT INTO country VALUES (231, 'United States minor outlying islands');
INSERT INTO country VALUES (232, 'Uruguay');
INSERT INTO country VALUES (233, 'Uzbekistan');
INSERT INTO country VALUES (234, 'Vanuatu');
INSERT INTO country VALUES (235, 'Vatican City State');
INSERT INTO country VALUES (236, 'Venezuela');
INSERT INTO country VALUES (237, 'Vietnam');
INSERT INTO country VALUES (238, 'Virgin Islands (British)');
INSERT INTO country VALUES (239, 'Virgin Islands (U.S.)');
INSERT INTO country VALUES (240, 'Wallis and Futuna Islands');
INSERT INTO country VALUES (241, 'Western Sahara');
INSERT INTO country VALUES (242, 'Yemen');
INSERT INTO country VALUES (243, 'Zaire');
INSERT INTO country VALUES (244, 'Zambia');
INSERT INTO country VALUES (245, 'Zimbabwe');


INSERT INTO member VALUES (1, 'Rhodia Spenley', '$2y$10$VBDxHCt6ABeGJQpCqRTEU.6Arw2gGZK838X1Vv2Dx/uxNM9TafHIO' , 'architect real-time networks', '1964647696', 'Vivamus.jpeg', 'rspenley0@bbb.org', '1995-11-08', NULL, false, 13);
INSERT INTO member VALUES (2, 'Jaynell Ecclestone', '$2y$10$VBDxHCt6ABeGJQpCqRTEU.6Arw2gGZK838X1Vv2Dx/uxNM9TafHIO' , 'integrate strategic bandwidth', '1823759059', 'MetusArcuAdipiscing.gif', 'jecclestone1@trellian.com', '1977-09-11', NULL, false, 206);
INSERT INTO member VALUES (3, 'Gae MacKean', '$2y$10$VBDxHCt6ABeGJQpCqRTEU.6Arw2gGZK838X1Vv2Dx/uxNM9TafHIO' , 'expedite value-added synergies', '2229026361', 'DolorSitAmet.tiff', 'gmackean2@china.com.cn', '1962-07-15', NULL, false, 16);
INSERT INTO member VALUES (4, 'Hector Alan', '$2y$10$VBDxHCt6ABeGJQpCqRTEU.6Arw2gGZK838X1Vv2Dx/uxNM9TafHIO' , 'empower efficient models', '3959536580', 'Consequat.tiff', 'halan3@pagesperso-orange.fr', '1973-01-28', NULL, false, 5);
INSERT INTO member VALUES (5, 'Germain Le Houx', '$2y$10$VBDxHCt6ABeGJQpCqRTEU.6Arw2gGZK838X1Vv2Dx/uxNM9TafHIO' , 'integrate wireless ROI', '7633853061', 'Cursus.jpeg', 'gle4@umich.edu', '1949-02-26', NULL, false, 235);
INSERT INTO member VALUES (6, 'Carla Greasley', '$2y$10$VBDxHCt6ABeGJQpCqRTEU.6Arw2gGZK838X1Vv2Dx/uxNM9TafHIO' , 'transition B2C bandwidth', '6066231214', 'NullaEget.jpeg', 'cgreasley5@wordpress.org', '1956-10-01', NULL, false, 212);
INSERT INTO member VALUES (7, 'Daveta Kernaghan', '$2y$10$VBDxHCt6ABeGJQpCqRTEU.6Arw2gGZK838X1Vv2Dx/uxNM9TafHIO' , 'redefine seamless portals', '2477087945', 'NatoquePenatibus.gif', 'dkernaghan6@npr.org', '1951-04-02', NULL, false, 44);
INSERT INTO member VALUES (8, 'Anne-marie Kyle', '$2y$10$VBDxHCt6ABeGJQpCqRTEU.6Arw2gGZK838X1Vv2Dx/uxNM9TafHIO' , 'revolutionize dynamic niches', '8107283052', 'VolutpatQuamPede.jpeg', 'akyle7@tripadvisor.com', '1957-01-18', NULL, false, 207);
INSERT INTO member VALUES (9, 'Kirbie Simondson', '$2y$10$VBDxHCt6ABeGJQpCqRTEU.6Arw2gGZK838X1Vv2Dx/uxNM9TafHIO' , 'envisioneer revolutionary ROI', '1682062547', 'Nisl.jpeg', 'ksimondson8@etsy.com', '1963-06-18', NULL, false, 69);
INSERT INTO member VALUES (10, 'Meara Marjanovic', '$2y$10$VBDxHCt6ABeGJQpCqRTEU.6Arw2gGZK838X1Vv2Dx/uxNM9TafHIO' , 'monetize killer functionalities', '2421073241', 'UtMassaVolutpat.tiff', 'mmarjanovic9@reuters.com', '1949-02-16', NULL, false, 97);
INSERT INTO member VALUES (11, 'Winthrop Reekie', '$2y$10$VBDxHCt6ABeGJQpCqRTEU.6Arw2gGZK838X1Vv2Dx/uxNM9TafHIO' , 'grow viral synergies', '4778824274', 'NamUltrices.tiff', 'wreekiea@ustream.tv', '1996-06-25', NULL, false, 64);
INSERT INTO member VALUES (12, 'Linell Terrell', '$2y$10$VBDxHCt6ABeGJQpCqRTEU.6Arw2gGZK838X1Vv2Dx/uxNM9TafHIO' , 'deliver 24/7 e-markets', '5226380960', 'MiSitAmet.gif', 'lterrellb@godaddy.com', '2002-01-11', NULL, false, 173);
INSERT INTO member VALUES (13, 'Chelsey Stone Fewings', '$2y$10$VBDxHCt6ABeGJQpCqRTEU.6Arw2gGZK838X1Vv2Dx/uxNM9TafHIO' , 'implement cutting-edge technologies', '4986783798', 'In.tiff', 'cstonec@fema.gov', '2002-11-09', NULL, false, 145);
INSERT INTO member VALUES (14, 'Gordon Davies', '$2y$10$VBDxHCt6ABeGJQpCqRTEU.6Arw2gGZK838X1Vv2Dx/uxNM9TafHIO' , 'deploy ubiquitous niches', '7304367205', 'PlateaDictumstEtiam.png', 'gdaviesd@toplist.cz', '1970-07-05', NULL, false, 218);
INSERT INTO member VALUES (15, 'Rollo Wilkin', '$2y$10$VBDxHCt6ABeGJQpCqRTEU.6Arw2gGZK838X1Vv2Dx/uxNM9TafHIO' , 'recontextualize end-to-end infomediaries', '6797285116', 'HabitassePlatea.png', 'rwilkine@forbes.com', '1987-06-11', NULL, false, 44);
INSERT INTO member VALUES (16, 'Javier Darkins', '$2y$10$VBDxHCt6ABeGJQpCqRTEU.6Arw2gGZK838X1Vv2Dx/uxNM9TafHIO' , 'enable efficient partnerships', '8833883796', 'AtNunc.tiff', 'jdarkinsf@latimes.com', '1981-08-08', NULL, false, 148);
INSERT INTO member VALUES (17, 'Clare Fishburn', '$2y$10$VBDxHCt6ABeGJQpCqRTEU.6Arw2gGZK838X1Vv2Dx/uxNM9TafHIO' , 'maximize cross-platform bandwidth', '4158863813', 'QuisqueId.jpeg', 'cfishburng@uol.com.br', '1988-05-11', NULL, false, 168);
INSERT INTO member VALUES (18, 'Giff Fleote', '$2y$10$VBDxHCt6ABeGJQpCqRTEU.6Arw2gGZK838X1Vv2Dx/uxNM9TafHIO' , 'reintermediate dot-com metrics', '5062489677', 'Fermentum.jpeg', 'gfleoteh@hp.com', '1974-12-05', NULL, false, 188);
INSERT INTO member VALUES (19, 'Stephie Sydes', '$2y$10$VBDxHCt6ABeGJQpCqRTEU.6Arw2gGZK838X1Vv2Dx/uxNM9TafHIO' , 'facilitate innovative users', '7059535331', 'MagnaBibendum.png', 'ssydesi@time.com', '2003-09-22', NULL, false, 63);
INSERT INTO member VALUES (20, 'Devin Lothlorien', '$2y$10$VBDxHCt6ABeGJQpCqRTEU.6Arw2gGZK838X1Vv2Dx/uxNM9TafHIO' , 'redefine granular functionalities', '5169587166', 'JustoEtiam.gif', 'dlothlorienj@va.gov', '1948-03-02', NULL, false, 191);
INSERT INTO member VALUES (21, 'Wilbur Tiebe', '$2y$10$VBDxHCt6ABeGJQpCqRTEU.6Arw2gGZK838X1Vv2Dx/uxNM9TafHIO' , 'incentivize intuitive action-items', '3215555630', 'MaurisLaoreetUt.jpeg', 'wtiebek@123-reg.co.uk', '1954-02-02', NULL, false, 13);
INSERT INTO member VALUES (22, 'Raynard Scandrick', '$2y$10$VBDxHCt6ABeGJQpCqRTEU.6Arw2gGZK838X1Vv2Dx/uxNM9TafHIO' , 'cultivate visionary experiences', '5742371045', 'AmetNunc.gif', 'rscandrickl@mediafire.com', '1997-01-21', NULL, false, 40);
INSERT INTO member VALUES (23, 'Yasmeen Tabbernor', '$2y$10$VBDxHCt6ABeGJQpCqRTEU.6Arw2gGZK838X1Vv2Dx/uxNM9TafHIO' , 'iterate bricks-and-clicks relationships', '3597192894', 'AmetEleifend.tiff', 'ytabbernorm@dion.ne.jp', '1960-01-10', NULL, false, 87);
INSERT INTO member VALUES (24, 'Sebastiano Spelling', '$2y$10$VBDxHCt6ABeGJQpCqRTEU.6Arw2gGZK838X1Vv2Dx/uxNM9TafHIO' , 'exploit vertical experiences', '4914498945', 'PurusAliquet.tiff', 'sspellingn@google.ru', '1981-04-02', NULL, false, 216);
INSERT INTO member VALUES (25, 'Hilliary Trunkfield', '$2y$10$VBDxHCt6ABeGJQpCqRTEU.6Arw2gGZK838X1Vv2Dx/uxNM9TafHIO' , 'grow clicks-and-mortar metrics', '2853868043', 'DolorSitAmet.jpeg', 'htrunkfieldo@shop-pro.jp', '1951-12-24', NULL, false, 80);
INSERT INTO member VALUES (26, 'Harlene Verrechia', '$2y$10$VBDxHCt6ABeGJQpCqRTEU.6Arw2gGZK838X1Vv2Dx/uxNM9TafHIO' , 'target scalable applications', '3383673250', 'Vestibulum.tiff', 'hverrechiap@fotki.com', '1980-06-10', NULL, false, 185);
INSERT INTO member VALUES (27, 'Winn Clewarth', '$2y$10$VBDxHCt6ABeGJQpCqRTEU.6Arw2gGZK838X1Vv2Dx/uxNM9TafHIO' , 'incentivize wireless bandwidth', '8388685162', 'Justo.jpeg', 'wclewarthq@odnoklassniki.ru', '2000-10-27', NULL, false, 208);
INSERT INTO member VALUES (28, 'Maurie Hurring', '$2y$10$VBDxHCt6ABeGJQpCqRTEU.6Arw2gGZK838X1Vv2Dx/uxNM9TafHIO' , 'unleash scalable vortals', '4529845610', 'MiInPorttitor.png', 'mhurringr@rakuten.co.jp', '1992-05-05', NULL, false, 45);
INSERT INTO member VALUES (29, 'Garfield Lenton', '$2y$10$VBDxHCt6ABeGJQpCqRTEU.6Arw2gGZK838X1Vv2Dx/uxNM9TafHIO' , 'expedite virtual e-tailers', '7219724457', 'Non.gif', 'glentons@mit.edu', '1975-04-22', NULL, false, 137);
INSERT INTO member VALUES (30, 'Sawyer Chuck', '$2y$10$VBDxHCt6ABeGJQpCqRTEU.6Arw2gGZK838X1Vv2Dx/uxNM9TafHIO' , 'synergize rich web services', '1387240408', 'QuisTurpis.jpeg', 'schuckt@who.int', '1989-10-11', NULL, false, 183);
INSERT INTO member VALUES (31, 'Monti Dominey', '$2y$10$VBDxHCt6ABeGJQpCqRTEU.6Arw2gGZK838X1Vv2Dx/uxNM9TafHIO' , 'transition synergistic niches', '4332382479', 'PraesentIdMassa.jpeg', 'mdomineyu@cdc.gov', '1947-08-15', NULL, false, 240);
INSERT INTO member VALUES (32, 'Dew Mariyushkin', '$2y$10$VBDxHCt6ABeGJQpCqRTEU.6Arw2gGZK838X1Vv2Dx/uxNM9TafHIO' , 'generate next-generation web services', '6077090648', 'DapibusAugueVel.tiff', 'dmariyushkinv@mail.ru', '1963-11-30', NULL, false, 54);
INSERT INTO member VALUES (33, 'Lesley Blackstock', '$2y$10$VBDxHCt6ABeGJQpCqRTEU.6Arw2gGZK838X1Vv2Dx/uxNM9TafHIO' , 'seize collaborative infrastructures', '3395942937', 'RhoncusAliquetPulvinar.jpeg', 'lblackstockw@patch.com', '1995-11-30', NULL, false, 52);
INSERT INTO member VALUES (34, 'Rosaleen Tome', '$2y$10$VBDxHCt6ABeGJQpCqRTEU.6Arw2gGZK838X1Vv2Dx/uxNM9TafHIO' , 'morph killer applications', '5468274336', 'MolestieHendrerit.jpeg', 'rtomex@about.me', '1940-07-29', NULL, false, 168);
INSERT INTO member VALUES (35, 'Ced Leadley', '$2y$10$VBDxHCt6ABeGJQpCqRTEU.6Arw2gGZK838X1Vv2Dx/uxNM9TafHIO' , 'optimize front-end interfaces', '4569820120', 'MaurisViverraDiam.jpeg', 'cleadleyy@blogspot.com', '1943-10-21', NULL, false, 47);
INSERT INTO member VALUES (36, 'Ely Frigot', '$2y$10$VBDxHCt6ABeGJQpCqRTEU.6Arw2gGZK838X1Vv2Dx/uxNM9TafHIO' , 'strategize value-added solutions', '5893494584', 'PosuereCubilia.tiff', 'efrigotz@noaa.gov', '1996-07-12', NULL, false, 229);
INSERT INTO member VALUES (37, 'Jacklyn Gaw', '$2y$10$VBDxHCt6ABeGJQpCqRTEU.6Arw2gGZK838X1Vv2Dx/uxNM9TafHIO' , 'implement synergistic platforms', '7099946051', 'MaecenasLeo.jpeg', 'jgaw10@sina.com.cn', '1966-12-06', NULL, false, 86);
INSERT INTO member VALUES (38, 'Ricca Bawcock', '$2y$10$VBDxHCt6ABeGJQpCqRTEU.6Arw2gGZK838X1Vv2Dx/uxNM9TafHIO' , 'grow distributed e-business', '1232915305', 'EuMassa.jpeg', 'rbawcock11@businessinsider.com', '1964-04-28', NULL, false, 106);
INSERT INTO member VALUES (39, 'Octavia Garza', '$2y$10$VBDxHCt6ABeGJQpCqRTEU.6Arw2gGZK838X1Vv2Dx/uxNM9TafHIO' , 'brand cross-media infomediaries', '8359506837', 'Elementum.png', 'ogarza12@cafepress.com', '1984-04-29', NULL, false, 182);
INSERT INTO member VALUES (40, 'Enrichetta Eastcourt', '$2y$10$VBDxHCt6ABeGJQpCqRTEU.6Arw2gGZK838X1Vv2Dx/uxNM9TafHIO' , 'maximize sexy web services', '2765692348', 'SitAmet.tiff', 'eeastcourt13@dailymotion.com', '1991-08-07', NULL, false, 235);
INSERT INTO member VALUES (41, 'Savina Nortunen', '$2y$10$VBDxHCt6ABeGJQpCqRTEU.6Arw2gGZK838X1Vv2Dx/uxNM9TafHIO' , 'aggregate proactive architectures', '9893063615', 'DapibusNulla.jpeg', 'snortunen14@earthlink.net', '1980-01-21', NULL, false, 11);
INSERT INTO member VALUES (42, 'Nehemiah Pedri', '$2y$10$VBDxHCt6ABeGJQpCqRTEU.6Arw2gGZK838X1Vv2Dx/uxNM9TafHIO' , 'orchestrate world-class vortals', '5669843200', 'ProinInterdum.png', 'npedri15@posterous.com', '1971-12-18', NULL, false, 236);
INSERT INTO member VALUES (43, 'Arnie Sutherley', '$2y$10$VBDxHCt6ABeGJQpCqRTEU.6Arw2gGZK838X1Vv2Dx/uxNM9TafHIO' , 'generate granular relationships', '4743847757', 'NonMaurisMorbi.jpeg', 'asutherley16@senate.gov', '1946-12-15', NULL, false, 65);
INSERT INTO member VALUES (44, 'Terri-jo Howe', '$2y$10$VBDxHCt6ABeGJQpCqRTEU.6Arw2gGZK838X1Vv2Dx/uxNM9TafHIO' , 'scale open-source e-markets', '6994595408', 'CrasNon.png', 'thowe17@google.ca', '1962-09-28', NULL, false, 10);
INSERT INTO member VALUES (45, 'Sybilla Gain', '$2y$10$VBDxHCt6ABeGJQpCqRTEU.6Arw2gGZK838X1Vv2Dx/uxNM9TafHIO' , 'implement holistic e-commerce', '1796239908', 'AmetSapienDignissim.gif', 'sgain18@noaa.gov', '1959-08-01', NULL, false, 81);
INSERT INTO member VALUES (46, 'Ollie Juszczyk', '$2y$10$VBDxHCt6ABeGJQpCqRTEU.6Arw2gGZK838X1Vv2Dx/uxNM9TafHIO' , 'scale revolutionary communities', '4648914157', 'Justo.tiff', 'ojuszczyk19@jimdo.com', '1963-02-10', NULL, false, 207);
INSERT INTO member VALUES (47, 'Aeriell Basketfield', '$2y$10$VBDxHCt6ABeGJQpCqRTEU.6Arw2gGZK838X1Vv2Dx/uxNM9TafHIO' , 'scale visionary e-markets', '2099262826', 'VelitNec.png', 'abasketfield1a@eventbrite.com', '1982-06-19', NULL, false, 208);
INSERT INTO member VALUES (48, 'Bertina Toffoletto', '$2y$10$VBDxHCt6ABeGJQpCqRTEU.6Arw2gGZK838X1Vv2Dx/uxNM9TafHIO' , 'facilitate proactive bandwidth', '9717848612', 'TristiqueFusceCongue.jpeg', 'btoffoletto1b@oakley.com', '1951-03-07', NULL, false, 148);
INSERT INTO member VALUES (49, 'Germaine Maccrea', '$2y$10$VBDxHCt6ABeGJQpCqRTEU.6Arw2gGZK838X1Vv2Dx/uxNM9TafHIO' , 'leverage world-class platforms', '5678979901', 'EtUltricesPosuere.gif', 'gmaccrea1c@reuters.com', '1982-11-28', NULL, false, 113);
INSERT INTO member VALUES (50, 'Bertha Meadley', '$2y$10$VBDxHCt6ABeGJQpCqRTEU.6Arw2gGZK838X1Vv2Dx/uxNM9TafHIO' , 'e-enable holistic communities', '5076034437', 'Lectus.jpeg', 'bmeadley1d@newyorker.com', '1940-08-16', NULL, false, 242);


INSERT INTO event VALUES (1, 'Maroon convention', '2017-11-09 08:50:47', '3 Calypso Way, Oesapa', 'Donec semper sapien a libero. Nam dui.', 'LacusCurabitur.jpeg', 'Private');
INSERT INTO event VALUES (2, 'Yellow convention', '2018-01-18 12:18:46', '2 Paget Terrace, Shiziling', 'Vestibulum sed magna at nunc commodo placerat.', 'Magnis.tiff', 'Public');
INSERT INTO event VALUES (3, 'Aquamarine convention', '2017-06-06 08:19:53', '3 Waubesa Plaza, Burunday', 'Praesent id massa id nisl venenatis lacinia.', 'SapienIaculis.tiff', 'Public');
INSERT INTO event VALUES (4, 'Violet convention', '2018-03-14 22:20:59', '36 Vahlen Trail, Iriga City', 'Aliquam sit amet diam in magna bibendum imperdiet. Nullam orci pede, venenatis non, sodales sed, tincidunt eu, felis.', 'Mauris.gif', 'Public');
INSERT INTO event VALUES (5, 'Puce convention', '2018-01-26 01:04:25', '49911 Roxbury Drive, Kolaka', 'Nunc nisl. Duis bibendum, felis sed interdum venenatis, turpis enim blandit mi, in porttitor pede justo eu massa. Donec dapibus.', 'Id.tiff', 'Public');
INSERT INTO event VALUES (6, 'Indigo convention', '2017-10-13 01:46:28', '89604 Katie Park, Moutnice', 'Maecenas pulvinar lobortis est.', 'Urna.jpeg', 'Public');
INSERT INTO event VALUES (7, 'Crimson convention', '2017-09-17 23:29:01', '075 Stone Corner Pass, Pajung', 'Donec dapibus.', 'LectusPellentesqueAt.jpeg', 'Private');
INSERT INTO event VALUES (8, 'Fuscia convention', '2017-10-13 16:03:38', '395 Russell Road, Nelazskoye', 'In hac habitasse platea dictumst. Morbi vestibulum, velit id pretium iaculis, diam erat fermentum justo, nec condimentum neque sapien placerat ante.', 'Amet.jpeg', 'Public');
INSERT INTO event VALUES (9, 'Indigo convention', '2017-10-17 03:20:09', '622 7th Parkway, Czestochowa', 'Nulla ut erat id mauris vulputate elementum. Nullam varius. Nulla facilisi.', 'LuctusEtUltrices.png', 'Private');
INSERT INTO event VALUES (10, 'Turquoise convention', '2017-08-16 16:33:00', '9927 Texas Plaza, Gulu', 'Donec ut dolor. Morbi vel lectus in quam fringilla rhoncus.', 'DonecQuisOrci.png', 'Public');


INSERT INTO blocked VALUES (6, 4);


INSERT INTO comment VALUES (1, 39, 7, '2017-06-23 17:24:09');
INSERT INTO comment VALUES (2, 14, 3, '2017-05-02 15:31:02');
INSERT INTO comment VALUES (3, 5, 2, '2017-07-28 13:00:54');
INSERT INTO comment VALUES (4, 2, 5, '2017-07-08 21:04:02');
INSERT INTO comment VALUES (5, 2, 4, '2017-09-24 15:57:31');
INSERT INTO comment VALUES (6, 33, 3, '2017-07-21 16:16:28');
INSERT INTO comment VALUES (7, 25, 6, '2017-11-28 06:19:06');
INSERT INTO comment VALUES (8, 41, 2, '2018-01-06 05:15:15');
INSERT INTO comment VALUES (9, 15, 2, '2018-04-02 22:42:42');
INSERT INTO comment VALUES (10, 10, 2, '2017-07-11 23:41:53');
INSERT INTO comment VALUES (11, 46, 8, '2017-09-14 19:45:44');
INSERT INTO comment VALUES (12, 23, 6, '2018-02-05 22:10:16');
INSERT INTO comment VALUES (13, 17, 4, '2017-08-26 15:38:20');
INSERT INTO comment VALUES (14, 17, 4, '2017-07-18 02:14:10');
INSERT INTO comment VALUES (15, 34, 7, '2018-03-13 14:15:54');
INSERT INTO comment VALUES (16, 48, 7, '2017-08-24 23:13:25');
INSERT INTO comment VALUES (17, 34, 6, '2017-06-26 19:53:30');
INSERT INTO comment VALUES (18, 8, 5, '2017-06-17 04:26:35');
INSERT INTO comment VALUES (19, 6, 7, '2017-04-06 09:07:06');
INSERT INTO comment VALUES (20, 40, 2, '2017-07-02 20:32:56');
INSERT INTO comment VALUES (21, 18, 7, '2017-08-13 06:13:05');
INSERT INTO comment VALUES (22, 10, 10, '2017-04-10 05:58:16');
INSERT INTO comment VALUES (23, 35, 2, '2018-01-11 01:29:38');
INSERT INTO comment VALUES (24, 28, 10, '2018-02-04 10:23:34');
INSERT INTO comment VALUES (25, 44, 4, '2017-05-23 07:05:01');
INSERT INTO comment VALUES (26, 18, 10, '2018-02-22 08:37:43');
INSERT INTO comment VALUES (27, 37, 6, '2018-01-11 06:44:22');
INSERT INTO comment VALUES (28, 17, 7, '2017-12-15 07:01:17');
INSERT INTO comment VALUES (29, 14, 10, '2017-10-23 03:59:06');
INSERT INTO comment VALUES (30, 10, 5, '2017-06-27 08:56:36');
INSERT INTO comment VALUES (31, 44, 2, '2017-07-29 13:43:32');
INSERT INTO comment VALUES (32, 33, 4, '2018-03-23 17:47:57');
INSERT INTO comment VALUES (33, 3, 2, '2017-11-11 20:04:21');
INSERT INTO comment VALUES (34, 37, 2, '2017-05-13 21:54:49');
INSERT INTO comment VALUES (35, 30, 7, '2018-02-19 15:56:27');
INSERT INTO comment VALUES (36, 22, 3, '2017-11-07 12:05:59');
INSERT INTO comment VALUES (37, 42, 5, '2018-03-14 06:34:04');
INSERT INTO comment VALUES (38, 5, 7, '2017-05-05 06:18:41');
INSERT INTO comment VALUES (39, 7, 6, '2017-08-12 17:23:00');
INSERT INTO comment VALUES (40, 23, 6, '2017-07-02 23:43:47');
INSERT INTO comment VALUES (41, 22, 6, '2017-12-05 06:10:52');
INSERT INTO comment VALUES (42, 39, 6, '2018-01-16 21:40:22');
INSERT INTO comment VALUES (43, 44, 7, '2017-06-15 06:25:55');
INSERT INTO comment VALUES (44, 40, 10, '2017-07-15 08:26:38');
INSERT INTO comment VALUES (45, 42, 3, '2017-12-27 00:45:09');
INSERT INTO comment VALUES (46, 12, 5, '2017-10-02 07:40:04');
INSERT INTO comment VALUES (47, 33, 9, '2017-06-01 10:48:39');
INSERT INTO comment VALUES (48, 48, 9, '2017-06-20 11:48:02');
INSERT INTO comment VALUES (49, 43, 10, '2017-10-12 07:16:25');
INSERT INTO comment VALUES (50, 7, 2, '2017-11-14 01:37:42');


INSERT INTO liked VALUES (13, 29);
INSERT INTO liked VALUES (33, 27);
INSERT INTO liked VALUES (37, 28);
INSERT INTO liked VALUES (7, 4);
INSERT INTO liked VALUES (45, 16);
INSERT INTO liked VALUES (7, 24);
INSERT INTO liked VALUES (23, 4);
INSERT INTO liked VALUES (23, 9);
INSERT INTO liked VALUES (6, 27);
INSERT INTO liked VALUES (3, 8);
INSERT INTO liked VALUES (26, 2);
INSERT INTO liked VALUES (10, 6);
INSERT INTO liked VALUES (20, 18);
INSERT INTO liked VALUES (16, 1);
INSERT INTO liked VALUES (12, 17);
INSERT INTO liked VALUES (12, 20);
INSERT INTO liked VALUES (34, 20);
INSERT INTO liked VALUES (25, 14);
INSERT INTO liked VALUES (6, 6);
INSERT INTO liked VALUES (48, 22);
INSERT INTO liked VALUES (33, 14);
INSERT INTO liked VALUES (19, 28);
INSERT INTO liked VALUES (18, 17);
INSERT INTO liked VALUES (8, 21);
INSERT INTO liked VALUES (26, 22);
INSERT INTO liked VALUES (17, 26);
INSERT INTO liked VALUES (14, 13);
INSERT INTO liked VALUES (6, 22);
INSERT INTO liked VALUES (25, 15);
INSERT INTO liked VALUES (6, 24);


INSERT INTO notification VALUES (1, 47, false, false);
INSERT INTO notification VALUES (2, 45, true, false);
INSERT INTO notification VALUES (3, 26, true, false);
INSERT INTO notification VALUES (4, 24, false, false);
INSERT INTO notification VALUES (5, 3, true, false);
INSERT INTO notification VALUES (6, 32, false, false);
INSERT INTO notification VALUES (7, 37, true, true);
INSERT INTO notification VALUES (8, 47, true, true);
INSERT INTO notification VALUES (9, 3, true, false);
INSERT INTO notification VALUES (10, 30, false, false);
INSERT INTO notification VALUES (11, 23, true, true);
INSERT INTO notification VALUES (12, 27, true, false);
INSERT INTO notification VALUES (13, 22, false, false);
INSERT INTO notification VALUES (14, 8, true, false);
INSERT INTO notification VALUES (15, 36, true, true);
INSERT INTO notification VALUES (16, 6, false, false);
INSERT INTO notification VALUES (17, 3, true, false);
INSERT INTO notification VALUES (18, 5, false, false);
INSERT INTO notification VALUES (19, 49, true, true);
INSERT INTO notification VALUES (20, 44, true, true);


INSERT INTO event_change VALUES (1, 10, 'Date');
INSERT INTO event_change VALUES (2, 3, 'Location');
INSERT INTO event_change VALUES (3, 3, 'Date');
INSERT INTO event_change VALUES (4, 10, 'Date');
INSERT INTO event_change VALUES (5, 5, 'Date');
INSERT INTO event_change VALUES (6, 7, 'Date');
INSERT INTO event_change VALUES (7, 1, 'Name');
INSERT INTO event_change VALUES (8, 10, 'Date');
INSERT INTO event_change VALUES (9, 1, 'Name');
INSERT INTO event_change VALUES (10, 4, 'Location');


INSERT INTO event_invitation VALUES (11, 6);
INSERT INTO event_invitation VALUES (12, 2);
INSERT INTO event_invitation VALUES (13, 9);
INSERT INTO event_invitation VALUES (14, 4);
INSERT INTO event_invitation VALUES (15, 4);


INSERT INTO event_member VALUES (6, 23, 'Participant', 'NotGoing');
INSERT INTO event_member VALUES (5, 12, 'Participant', 'Going');
INSERT INTO event_member VALUES (2, 50, 'Participant', 'Going');
INSERT INTO event_member VALUES (3, 16, 'Participant', 'Interested');
INSERT INTO event_member VALUES (2, 33, 'Participant', 'NotGoing');
INSERT INTO event_member VALUES (3, 50, 'Participant', 'Interested');
INSERT INTO event_member VALUES (7, 44, 'Participant', 'NotGoing');
INSERT INTO event_member VALUES (7, 10, 'Participant', 'NotGoing');
INSERT INTO event_member VALUES (2, 13, 'Participant', 'Going');
INSERT INTO event_member VALUES (9, 45, 'Participant', 'Going');
INSERT INTO event_member VALUES (2, 12, 'Participant', 'Interested');
INSERT INTO event_member VALUES (10, 26, 'Participant', 'Interested');
INSERT INTO event_member VALUES (1, 45, 'Participant', 'Going');
INSERT INTO event_member VALUES (6, 44, 'Participant', 'Interested');
INSERT INTO event_member VALUES (9, 19, 'Participant', 'NotGoing');
INSERT INTO event_member VALUES (4, 7, 'Participant', 'Interested');
INSERT INTO event_member VALUES (6, 24, 'Participant', 'Interested');
INSERT INTO event_member VALUES (1, 11, 'Participant', 'Interested');
INSERT INTO event_member VALUES (1, 9, 'Participant', 'Interested');
INSERT INTO event_member VALUES (10, 29, 'Participant', 'Interested');
INSERT INTO event_member VALUES (10, 40, 'Participant', 'Interested');
INSERT INTO event_member VALUES (8, 8, 'Participant', 'NotGoing');
INSERT INTO event_member VALUES (10, 24, 'Participant', 'Interested');
INSERT INTO event_member VALUES (2, 18, 'Participant', 'NotGoing');
INSERT INTO event_member VALUES (7, 42, 'Participant', 'NotGoing');
INSERT INTO event_member VALUES (5, 2, 'Participant', 'Going');
INSERT INTO event_member VALUES (6, 19, 'Participant', 'Going');
INSERT INTO event_member VALUES (4, 44, 'Participant', 'Going');
INSERT INTO event_member VALUES (8, 9, 'Participant', 'Going');
INSERT INTO event_member VALUES (7, 7, 'Participant', 'Going');
INSERT INTO event_member VALUES (7, 24, 'Participant', 'Interested');
INSERT INTO event_member VALUES (3, 3, 'Participant', 'Interested');
INSERT INTO event_member VALUES (2, 43, 'Participant', 'NotGoing');
INSERT INTO event_member VALUES (4, 20, 'Participant', 'Going');
INSERT INTO event_member VALUES (6, 21, 'Participant', 'NotGoing');
INSERT INTO event_member VALUES (9, 2, 'Participant', 'Interested');
INSERT INTO event_member VALUES (2, 9, 'Participant', 'NotGoing');
INSERT INTO event_member VALUES (10, 36, 'Participant', 'Going');
INSERT INTO event_member VALUES (6, 45, 'Participant', 'Interested');
INSERT INTO event_member VALUES (6, 35, 'Participant', 'Going');
INSERT INTO event_member VALUES (2, 34, 'Participant', 'NotGoing');
INSERT INTO event_member VALUES (7, 6, 'Participant', 'Interested');
INSERT INTO event_member VALUES (2, 31, 'Participant', 'NotGoing');
INSERT INTO event_member VALUES (1, 20, 'Participant', 'NotGoing');
INSERT INTO event_member VALUES (5, 9, 'Participant', 'Interested');
INSERT INTO event_member VALUES (1, 31, 'Participant', 'NotGoing');
INSERT INTO event_member VALUES (5, 7, 'Participant', 'Interested');
INSERT INTO event_member VALUES (4, 33, 'Participant', 'Going');


INSERT INTO tag VALUES ('Ergonomic');
INSERT INTO tag VALUES ('customer loyalty');
INSERT INTO tag VALUES ('Graphical User Interface');
INSERT INTO tag VALUES ('service-desk');
INSERT INTO tag VALUES ('definition');
INSERT INTO tag VALUES ('even-keeled');
INSERT INTO tag VALUES ('matrix');
INSERT INTO tag VALUES ('process improvement');
INSERT INTO tag VALUES ('paradigm');
INSERT INTO tag VALUES ('task-force');
INSERT INTO tag VALUES ('leading edge');
INSERT INTO tag VALUES ('capacity');
INSERT INTO tag VALUES ('needs-based');
INSERT INTO tag VALUES ('Open-source');
INSERT INTO tag VALUES ('concept');
INSERT INTO tag VALUES ('user-facing');
INSERT INTO tag VALUES ('Realigned');
INSERT INTO tag VALUES ('mobile');
INSERT INTO tag VALUES ('bottom-line');
INSERT INTO tag VALUES ('utilisation');
INSERT INTO tag VALUES ('Operative');
INSERT INTO tag VALUES ('responsive');
INSERT INTO tag VALUES ('standardization');
INSERT INTO tag VALUES ('Triple-buffered');
INSERT INTO tag VALUES ('grid-enabled');
INSERT INTO tag VALUES ('homogeneous');
INSERT INTO tag VALUES ('Up-sized');
INSERT INTO tag VALUES ('algorithm');
INSERT INTO tag VALUES ('Synchronised');
INSERT INTO tag VALUES ('Robust');
INSERT INTO tag VALUES ('web-enabled');
INSERT INTO tag VALUES ('foreground');
INSERT INTO tag VALUES ('upward-trending');
INSERT INTO tag VALUES ('Seamless');
INSERT INTO tag VALUES ('mission-critical');
INSERT INTO tag VALUES ('middleware');
INSERT INTO tag VALUES ('database');
INSERT INTO tag VALUES ('interface');
INSERT INTO tag VALUES ('bi-directional');
INSERT INTO tag VALUES ('archive');
INSERT INTO tag VALUES ('artificial intelligence');
INSERT INTO tag VALUES ('intermediate');
INSERT INTO tag VALUES ('Fully-configurable');
INSERT INTO tag VALUES ('success');
INSERT INTO tag VALUES ('contextually-based');
INSERT INTO tag VALUES ('Enterprise-wide');
INSERT INTO tag VALUES ('national');
INSERT INTO tag VALUES ('modular');
INSERT INTO tag VALUES ('client-driven');
INSERT INTO tag VALUES ('asymmetric');
INSERT INTO tag VALUES ('Graphic Interface');
INSERT INTO tag VALUES ('intangible');
INSERT INTO tag VALUES ('actuating');
INSERT INTO tag VALUES ('Self-enabling');
INSERT INTO tag VALUES ('matrices');
INSERT INTO tag VALUES ('Cross-group');
INSERT INTO tag VALUES ('extranet');
INSERT INTO tag VALUES ('Adaptive');
INSERT INTO tag VALUES ('Business-focused');
INSERT INTO tag VALUES ('interactive');
INSERT INTO tag VALUES ('Devolved');
INSERT INTO tag VALUES ('directional');
INSERT INTO tag VALUES ('radical');
INSERT INTO tag VALUES ('help-desk');
INSERT INTO tag VALUES ('stable');
INSERT INTO tag VALUES ('bifurcated');
INSERT INTO tag VALUES ('throughput');
INSERT INTO tag VALUES ('methodical');
INSERT INTO tag VALUES ('website');
INSERT INTO tag VALUES ('maximized');
INSERT INTO tag VALUES ('Reactive');
INSERT INTO tag VALUES ('Right-sized');
INSERT INTO tag VALUES ('secondary');
INSERT INTO tag VALUES ('Proactive');
INSERT INTO tag VALUES ('Decentralized');
INSERT INTO tag VALUES ('internet solution');
INSERT INTO tag VALUES ('Implemented');
INSERT INTO tag VALUES ('Configurable');
INSERT INTO tag VALUES ('Polarised');
INSERT INTO tag VALUES ('asynchronous');
INSERT INTO tag VALUES ('Multi-layered');
INSERT INTO tag VALUES ('full-range');
INSERT INTO tag VALUES ('solution-oriented');
INSERT INTO tag VALUES ('Synergized');
INSERT INTO tag VALUES ('cohesive');
INSERT INTO tag VALUES ('Multi-channelled');


INSERT INTO event_tags VALUES (4, 'directional');
INSERT INTO event_tags VALUES (9, 'homogeneous');
INSERT INTO event_tags VALUES (2, 'throughput');
INSERT INTO event_tags VALUES (10, 'Graphic Interface');
INSERT INTO event_tags VALUES (9, 'standardization');
INSERT INTO event_tags VALUES (4, 'website');
INSERT INTO event_tags VALUES (6, 'stable');
INSERT INTO event_tags VALUES (8, 'Synergized');
INSERT INTO event_tags VALUES (4, 'Robust');
INSERT INTO event_tags VALUES (10, 'interactive');
INSERT INTO event_tags VALUES (1, 'concept');
INSERT INTO event_tags VALUES (7, 'grid-enabled');
INSERT INTO event_tags VALUES (8, 'Configurable');
INSERT INTO event_tags VALUES (6, 'Synergized');
INSERT INTO event_tags VALUES (4, 'methodical');
INSERT INTO event_tags VALUES (5, 'Proactive');
INSERT INTO event_tags VALUES (7, 'capacity');
INSERT INTO event_tags VALUES (3, 'bottom-line');
INSERT INTO event_tags VALUES (7, 'interface');
INSERT INTO event_tags VALUES (6, 'Open-source');


INSERT INTO file VALUES (1, 'CrasMiPede.mp3', 'Nullam porttitor lacus at turpis. Donec posuere metus vitae ipsum.');
INSERT INTO file VALUES (2, 'TempusVelPede.avi', 'Vivamus tortor. Duis mattis egestas metus.');
INSERT INTO file VALUES (3, 'Arcu.xls', 'Cum sociis natoque penatibus et magnis dis parturient montes, nascetur ridiculus mus. Vivamus vestibulum sagittis sapien.');
INSERT INTO file VALUES (4, 'MetusAenean.xls', 'Phasellus id sapien in sapien iaculis congue. Vivamus metus arcu, adipiscing molestie, hendrerit at, vulputate vitae, nisl.');
INSERT INTO file VALUES (5, 'Maecenas.png', 'Suspendisse ornare consequat lectus.');
INSERT INTO file VALUES (6, 'NullaNisl.gif', 'Proin eu mi.');
INSERT INTO file VALUES (7, 'SedSagittis.pdf', 'Donec semper sapien a libero.');
INSERT INTO file VALUES (8, 'NullaUtErat.mpeg', 'Vestibulum sed magna at nunc commodo placerat.');
INSERT INTO file VALUES (9, 'LiberoNon.txt', 'Morbi non lectus. Aliquam sit amet diam in magna bibendum imperdiet.');
INSERT INTO file VALUES (10, 'OrciLuctus.mp3', 'Donec ut mauris eget massa tempor convallis.');
INSERT INTO file VALUES (11, 'Tempor.mp3', 'Aenean lectus. Pellentesque eget nunc.');
INSERT INTO file VALUES (12, 'LaciniaAeneanSit.mov', 'In blandit ultrices enim. Lorem ipsum dolor sit amet, consectetuer adipiscing elit.');
INSERT INTO file VALUES (13, 'UltricesMattisOdio.pdf', 'Vestibulum ante ipsum primis in faucibus orci luctus et ultrices posuere cubilia Curae; Nulla dapibus dolor vel est. Donec odio justo, sollicitudin ut, suscipit a, feugiat et, eros.');
INSERT INTO file VALUES (14, 'Volutpat.ppt', 'Mauris sit amet eros.');
INSERT INTO file VALUES (15, 'EratQuisque.doc', 'Proin risus.');


INSERT INTO friend VALUES (2, 5);
INSERT INTO friend VALUES (26, 32);
INSERT INTO friend VALUES (9, 10);
INSERT INTO friend VALUES (1, 11);
INSERT INTO friend VALUES (27, 43);


INSERT INTO friend_request VALUES (16, 18);
INSERT INTO friend_request VALUES (17, 17);
INSERT INTO friend_request VALUES (18, 6);
INSERT INTO friend_request VALUES (19, 50);
INSERT INTO friend_request VALUES (20, 3);


INSERT INTO member_tags VALUES (4, 'Robust');
INSERT INTO member_tags VALUES (25, 'user-facing');
INSERT INTO member_tags VALUES (26, 'archive');
INSERT INTO member_tags VALUES (3, 'Cross-group');
INSERT INTO member_tags VALUES (10, 'asymmetric');
INSERT INTO member_tags VALUES (20, 'paradigm');
INSERT INTO member_tags VALUES (2, 'Configurable');
INSERT INTO member_tags VALUES (19, 'bi-directional');
INSERT INTO member_tags VALUES (37, 'solution-oriented');
INSERT INTO member_tags VALUES (35, 'maximized');
INSERT INTO member_tags VALUES (25, 'needs-based');
INSERT INTO member_tags VALUES (24, 'Graphical User Interface');
INSERT INTO member_tags VALUES (41, 'mobile');
INSERT INTO member_tags VALUES (50, 'Graphical User Interface');
INSERT INTO member_tags VALUES (36, 'artificial intelligence');
INSERT INTO member_tags VALUES (46, 'Realigned');
INSERT INTO member_tags VALUES (14, 'definition');
INSERT INTO member_tags VALUES (3, 'Graphical User Interface');
INSERT INTO member_tags VALUES (41, 'interface');
INSERT INTO member_tags VALUES (13, 'Open-source');
INSERT INTO member_tags VALUES (21, 'artificial intelligence');
INSERT INTO member_tags VALUES (40, 'secondary');
INSERT INTO member_tags VALUES (28, 'Right-sized');
INSERT INTO member_tags VALUES (42, 'cohesive');
INSERT INTO member_tags VALUES (43, 'stable');
INSERT INTO member_tags VALUES (41, 'Reactive');
INSERT INTO member_tags VALUES (10, 'definition');
INSERT INTO member_tags VALUES (29, 'foreground');
INSERT INTO member_tags VALUES (30, 'upward-trending');
INSERT INTO member_tags VALUES (27, 'Realigned');
INSERT INTO member_tags VALUES (10, 'responsive');
INSERT INTO member_tags VALUES (7, 'interface');
INSERT INTO member_tags VALUES (39, 'bi-directional');
INSERT INTO member_tags VALUES (27, 'task-force');
INSERT INTO member_tags VALUES (10, 'grid-enabled');
INSERT INTO member_tags VALUES (5, 'maximized');
INSERT INTO member_tags VALUES (48, 'Decentralized');
INSERT INTO member_tags VALUES (22, 'even-keeled');
INSERT INTO member_tags VALUES (41, 'task-force');
INSERT INTO member_tags VALUES (35, 'mobile');
INSERT INTO member_tags VALUES (6, 'Implemented');
INSERT INTO member_tags VALUES (45, 'process improvement');
INSERT INTO member_tags VALUES (49, 'customer loyalty');
INSERT INTO member_tags VALUES (26, 'matrices');
INSERT INTO member_tags VALUES (43, 'solution-oriented');
INSERT INTO member_tags VALUES (45, 'Ergonomic');
INSERT INTO member_tags VALUES (1, 'Fully-configurable');
INSERT INTO member_tags VALUES (47, 'radical');
INSERT INTO member_tags VALUES (4, 'Triple-buffered');
INSERT INTO member_tags VALUES (49, 'modular');


INSERT INTO poll VALUES (16, 'Vivamus vel nulla eget eros elementum pellentesque. Quisque porta volutpat erat.');
INSERT INTO poll VALUES (17, 'Donec dapibus.');
INSERT INTO poll VALUES (18, 'Sed ante.');
INSERT INTO poll VALUES (19, 'Aliquam augue quam, sollicitudin vitae, consectetuer eget, rutrum at, lorem. Integer tincidunt ante vel ipsum.');
INSERT INTO poll VALUES (20, 'Duis mattis egestas metus.');
INSERT INTO poll VALUES (21, 'In blandit ultrices enim. Lorem ipsum dolor sit amet, consectetuer adipiscing elit.');
INSERT INTO poll VALUES (22, 'Phasellus in felis.');
INSERT INTO poll VALUES (23, 'Nulla ut erat id mauris vulputate elementum. Nullam varius.');
INSERT INTO poll VALUES (24, 'Vestibulum quam sapien, varius ut, blandit non, interdum in, ante. Vestibulum ante ipsum primis in faucibus orci luctus et ultrices posuere cubilia Curae; Duis faucibus accumsan odio.');
INSERT INTO poll VALUES (25, 'Cum sociis natoque penatibus et magnis dis parturient montes, nascetur ridiculus mus.');
INSERT INTO poll VALUES (26, 'Mauris ullamcorper purus sit amet nulla.');
INSERT INTO poll VALUES (27, 'Aenean sit amet justo. Morbi ut odio.');
INSERT INTO poll VALUES (28, 'Nam ultrices, libero non mattis pulvinar, nulla pede ullamcorper augue, a suscipit nulla elit ac nulla. Sed vel enim sit amet nunc viverra dapibus.');
INSERT INTO poll VALUES (29, 'Vestibulum ac est lacinia nisi venenatis tristique. Fusce congue, diam id ornare imperdiet, sapien urna pretium nisl, ut volutpat sapien arcu sed augue.');
INSERT INTO poll VALUES (30, 'Aliquam quis turpis eget elit sodales scelerisque.');


INSERT INTO text_comment VALUES (31, NULL, 'Donec dapibus. Duis at velit eu est congue elementum.');
INSERT INTO text_comment VALUES (32, NULL, 'Nulla nisl. Nunc nisl.');
INSERT INTO text_comment VALUES (33, NULL, 'In hac habitasse platea dictumst. Aliquam augue quam, sollicitudin vitae, consectetuer eget, rutrum at, lorem.');
INSERT INTO text_comment VALUES (34, NULL, 'Proin at turpis a pede posuere nonummy. Integer non velit.');
INSERT INTO text_comment VALUES (35, NULL, 'Mauris ullamcorper purus sit amet nulla. Quisque arcu libero, rutrum ac, lobortis vel, dapibus at, diam.');
INSERT INTO text_comment VALUES (36, NULL, 'Morbi a ipsum. Integer a nibh.');
INSERT INTO text_comment VALUES (37, NULL, 'Vestibulum ante ipsum primis in faucibus orci luctus et ultrices posuere cubilia Curae; Duis faucibus accumsan odio. Curabitur convallis.');
INSERT INTO text_comment VALUES (38, 8, 'Cras non velit nec nisi vulputate nonummy.');
INSERT INTO text_comment VALUES (39, NULL, 'Nullam varius. Nulla facilisi.');
INSERT INTO text_comment VALUES (40, NULL, 'In est risus, auctor sed, tristique in, tempus sit amet, sem. Fusce consequat.');
INSERT INTO text_comment VALUES (41, NULL, 'Cras pellentesque volutpat dui.');
INSERT INTO text_comment VALUES (42, NULL, 'Suspendisse potenti.');
INSERT INTO text_comment VALUES (43, NULL, 'Suspendisse ornare consequat lectus. In est risus, auctor sed, tristique in, tempus sit amet, sem.');
INSERT INTO text_comment VALUES (44, NULL, 'Aenean fermentum.');
INSERT INTO text_comment VALUES (45, NULL, 'Maecenas pulvinar lobortis est.');
INSERT INTO text_comment VALUES (46, NULL, 'Proin at turpis a pede posuere nonummy.');
INSERT INTO text_comment VALUES (47, NULL, 'Morbi ut odio.');
INSERT INTO text_comment VALUES (48, NULL, 'Nullam porttitor lacus at turpis.');
INSERT INTO text_comment VALUES (49, NULL, 'Morbi vestibulum, velit id pretium iaculis, diam erat fermentum justo, nec condimentum neque sapien placerat ante. Nulla justo.');
INSERT INTO text_comment VALUES (50, NULL, 'Donec dapibus. Duis at velit eu est congue elementum.');


INSERT INTO option VALUES (1, 'ligula pellentesque', 16);
INSERT INTO option VALUES (2, 'leo rhoncus sed vestibulum', 17);
INSERT INTO option VALUES (3, 'congue elementum in hac', 18);
INSERT INTO option VALUES (4, 'donec pharetra magna vestibulum', 19);
INSERT INTO option VALUES (5, 'natoque penatibus', 20);
INSERT INTO option VALUES (6, 'suscipit ligula in', 21);
INSERT INTO option VALUES (7, 'erat fermentum justo nec', 22);
INSERT INTO option VALUES (8, 'ante', 23);
INSERT INTO option VALUES (9, 'bibendum imperdiet nullam', 24);
INSERT INTO option VALUES (10, 'nascetur ridiculus mus', 25);
INSERT INTO option VALUES (11, 'massa id', 26);
INSERT INTO option VALUES (12, 'augue vel accumsan tellus', 27);
INSERT INTO option VALUES (13, 'donec', 28);
INSERT INTO option VALUES (14, 'adipiscing molestie', 29);
INSERT INTO option VALUES (15, 'convallis nulla', 30);
INSERT INTO option VALUES (16, 'hac habitasse', 16);
INSERT INTO option VALUES (17, 'vestibulum aliquet ultrices', 17);
INSERT INTO option VALUES (18, 'consequat', 18);
INSERT INTO option VALUES (19, 'quam', 19);
INSERT INTO option VALUES (20, 'rutrum rutrum neque', 20);
INSERT INTO option VALUES (21, 'sem mauris', 21);
INSERT INTO option VALUES (22, 'lobortis est phasellus sit', 22);
INSERT INTO option VALUES (23, 'ac enim', 23);
INSERT INTO option VALUES (24, 'in', 24);
INSERT INTO option VALUES (25, 'fermentum donec ut mauris', 25);
INSERT INTO option VALUES (26, 'erat id mauris vulputate', 26);
INSERT INTO option VALUES (27, 'quam pede', 27);
INSERT INTO option VALUES (28, 'bibendum felis sed', 28);
INSERT INTO option VALUES (29, 'felis', 29);
INSERT INTO option VALUES (30, 'montes nascetur ridiculus mus', 30);


INSERT INTO vote VALUES (36, 10);
INSERT INTO vote VALUES (16, 24);
INSERT INTO vote VALUES (31, 21);
INSERT INTO vote VALUES (13, 17);
INSERT INTO vote VALUES (21, 11);
INSERT INTO vote VALUES (25, 24);
INSERT INTO vote VALUES (19, 13);
INSERT INTO vote VALUES (36, 17);
INSERT INTO vote VALUES (6, 13);
INSERT INTO vote VALUES (1, 7);
INSERT INTO vote VALUES (43, 11);
INSERT INTO vote VALUES (10, 13);
INSERT INTO vote VALUES (14, 12);
INSERT INTO vote VALUES (14, 10);
INSERT INTO vote VALUES (2, 13);
INSERT INTO vote VALUES (12, 9);
INSERT INTO vote VALUES (16, 21);
INSERT INTO vote VALUES (23, 29);
INSERT INTO vote VALUES (12, 17);
INSERT INTO vote VALUES (20, 17);
INSERT INTO vote VALUES (14, 3);
INSERT INTO vote VALUES (22, 15);
INSERT INTO vote VALUES (45, 10);
INSERT INTO vote VALUES (31, 16);
INSERT INTO vote VALUES (41, 28);
INSERT INTO vote VALUES (38, 28);
INSERT INTO vote VALUES (1, 27);
INSERT INTO vote VALUES (31, 19);
INSERT INTO vote VALUES (8, 8);
INSERT INTO vote VALUES (32, 23);